"Accuracy","Precision","Sensitivity","Specificity"
0.490991696694344,0.11595519224947,0.537921348314607,0.485099629694939
